id,first_name,last_name,email,gender
1,Vonny,Basilio,vbasilio0@yolasite.com,Female
2,Maggy,Wardall,mwardall1@imgur.com,Female
3,Jerad,Dallicoat,jdallicoat2@hud.gov,Male
4,Goran,Eastmead,geastmead3@hibu.com,Male
5,Ernaline,Macias,emacias4@walmart.com,Female
6,Giulia,Sanpere,gsanpere5@tmall.com,Female
7,Rainer,Dibbin,rdibbin6@imdb.com,Male
8,Dot,Trenear,dtrenear7@fotki.com,Female
9,Shem,John,sjohn8@slashdot.org,Male
10,Tally,Bayle,tbayle9@ask.com,Female
11,Obidiah,Seabrocke,oseabrockea@nature.com,Male
12,Mattie,Penner,mpennerb@cisco.com,Male
13,Roseanna,Courtier,rcourtierc@bizjournals.com,Female
14,Saloma,Norrie,snorried@blogspot.com,Female
15,Estrella,Tuddall,etuddalle@usgs.gov,Female
16,Hurlee,Rablen,hrablenf@ihg.com,Male
17,Jeromy,Sim,jsimg@dailymotion.com,Male
18,Carmelia,Inchbald,cinchbaldh@prnewswire.com,Female
19,Loleta,Barthram,lbarthrami@nyu.edu,Female
20,Blinny,Vedeneev,bvedeneevj@arizona.edu,Polygender
21,Tanitansy,Mumbeson,tmumbesonk@fda.gov,Agender
22,Lesly,Dewey,ldeweyl@comsenz.com,Female
23,Gery,O'Curneen,gocurneenm@lycos.com,Male
24,Stanton,Robben,srobbenn@nbcnews.com,Male
25,Silvan,Tomaszek,stomaszeko@slideshare.net,Male
26,Stanislas,Presley,spresleyp@google.fr,Male
27,Devora,Windrass,dwindrassq@cdc.gov,Female
28,Delora,Quoit,dquoitr@dailymail.co.uk,Genderfluid
29,Maison,Gillow,mgillows@tmall.com,Male
30,Ansel,Meletti,amelettit@blogspot.com,Male
31,El,Palatini,epalatiniu@cnet.com,Male
32,Louise,Trevon,ltrevonv@phpbb.com,Bigender
33,Goldia,Adshed,gadshedw@buzzfeed.com,Female
34,Aleda,Marden,amardenx@goodreads.com,Female
35,Peterus,Thewles,pthewlesy@yandex.ru,Male
36,Torie,Skocroft,tskocroftz@ft.com,Female
37,Jenni,Froome,jfroome10@booking.com,Female
38,Pru,Stivers,pstivers11@marketwatch.com,Female
39,Katusha,Snugg,ksnugg12@cocolog-nifty.com,Polygender
40,Rheta,Dart,rdart13@wikia.com,Female
41,Chandal,Oliphard,coliphard14@bing.com,Female
42,Lenora,Fantini,lfantini15@theguardian.com,Female
43,Darby,Heathorn,dheathorn16@ucla.edu,Male
44,Chaddie,Strugnell,cstrugnell17@goo.ne.jp,Male
45,Tabbie,Mash,tmash18@google.fr,Male
46,Parry,Yushin,pyushin19@icio.us,Male
47,Allard,Budget,abudget1a@123-reg.co.uk,Bigender
48,Jenifer,Egdal,jegdal1b@jiathis.com,Female
49,Codi,Baswall,cbaswall1c@networksolutions.com,Female
50,Bennie,Castanares,bcastanares1d@marriott.com,Male
51,Aubree,Ghidoli,aghidoli1e@phpbb.com,Female
52,Bary,Handrahan,bhandrahan1f@freewebs.com,Male
53,Madel,Grafom,mgrafom1g@meetup.com,Female
54,Nat,Gryglewski,ngryglewski1h@howstuffworks.com,Male
55,Rudie,Bumpas,rbumpas1i@bbb.org,Male
56,Annalee,McPhaden,amcphaden1j@de.vu,Female
57,Madlen,Aggio,maggio1k@cbc.ca,Female
58,Lincoln,Coppard,lcoppard1l@google.nl,Male
59,Cirillo,Shrimpton,cshrimpton1m@nymag.com,Male
60,Veronike,Gosby,vgosby1n@nasa.gov,Female
61,Jasmin,Hammerberg,jhammerberg1o@independent.co.uk,Female
62,Jard,Verrell,jverrell1p@earthlink.net,Male
63,Melissa,Weale,mweale1q@mapquest.com,Female
64,Rosette,Deeble,rdeeble1r@people.com.cn,Female
65,Herc,Dacca,hdacca1s@edublogs.org,Male
66,Gayler,Hoston,ghoston1t@disqus.com,Male
67,Melosa,Gladtbach,mgladtbach1u@tripadvisor.com,Genderfluid
68,Annamarie,Askaw,aaskaw1v@flavors.me,Female
69,Ailsun,Eaves,aeaves1w@pcworld.com,Female
70,Giacinta,Bellini,gbellini1x@blogs.com,Agender
71,Cynde,Creagh,ccreagh1y@blog.com,Female
72,Lay,Galbraith,lgalbraith1z@zdnet.com,Male
73,Norry,Wanklyn,nwanklyn20@booking.com,Male
74,Winfred,Castagne,wcastagne21@woothemes.com,Male
75,Mendy,Howgate,mhowgate22@marketwatch.com,Male
76,Gerrard,Try,gtry23@tiny.cc,Male
77,Casper,Mawby,cmawby24@woothemes.com,Genderqueer
78,Andeee,Kingett,akingett25@so-net.ne.jp,Female
79,Dennie,Oosthout de Vree,doosthoutdevree26@amazon.co.uk,Male
80,Enrica,Danilewicz,edanilewicz27@gravatar.com,Female
81,Lindsay,Pinnell,lpinnell28@kickstarter.com,Male
82,Lucias,Playford,lplayford29@mac.com,Male
83,Myriam,Jimes,mjimes2a@reddit.com,Female
84,Adelind,Huzzay,ahuzzay2b@google.pl,Female
85,Hastings,Salvage,hsalvage2c@chronoengine.com,Male
86,Rhys,Philbrook,rphilbrook2d@salon.com,Male
87,Cleon,Galbreath,cgalbreath2e@hc360.com,Male
88,Danette,Lamperd,dlamperd2f@feedburner.com,Female
89,Herbie,Rumford,hrumford2g@sogou.com,Male
90,Gerik,Thrasher,gthrasher2h@xing.com,Male
91,Larina,Noteyoung,lnoteyoung2i@bing.com,Female
92,Bobbette,Coverley,bcoverley2j@nbcnews.com,Female
93,Brittany,Buscombe,bbuscombe2k@wiley.com,Agender
94,Maurene,Yarn,myarn2l@fastcompany.com,Female
95,Bartolomeo,Sinclaire,bsinclaire2m@digg.com,Male
96,Jocelyne,Itzkovitch,jitzkovitch2n@reddit.com,Bigender
97,Peadar,Beyne,pbeyne2o@sohu.com,Male
98,Courtenay,Baish,cbaish2p@soup.io,Female
99,Arvie,Potten,apotten2q@lycos.com,Male
100,Von,Brodbin,vbrodbin2r@dagondesign.com,Polygender
101,Alvan,Pinkstone,apinkstone2s@dedecms.com,Male
102,Lorne,Andrejs,landrejs2t@usda.gov,Female
103,Guillemette,Drewry,gdrewry2u@irs.gov,Female
104,Jenny,Aked,jaked2v@java.com,Female
105,Barny,Malia,bmalia2w@engadget.com,Polygender
106,Ddene,Prince,dprince2x@webeden.co.uk,Agender
107,Cecilio,Riccione,criccione2y@harvard.edu,Male
108,Herschel,Yakovich,hyakovich2z@fema.gov,Male
109,Reginauld,Ullett,rullett30@foxnews.com,Male
110,Benjamen,MacDiarmid,bmacdiarmid31@statcounter.com,Male
111,Rosa,Lodwig,rlodwig32@google.fr,Female
112,Marius,Sparkwill,msparkwill33@delicious.com,Male
113,Anthony,Gell,agell34@phpbb.com,Male
114,Carissa,Jurczik,cjurczik35@cyberchimps.com,Female
115,Neal,Gasnell,ngasnell36@i2i.jp,Male
116,Darius,Mattheissen,dmattheissen37@wikipedia.org,Male
117,Gaile,Spurdens,gspurdens38@bigcartel.com,Male
118,Carl,Preator,cpreator39@de.vu,Male
119,Melonie,Bouldon,mbouldon3a@redcross.org,Genderqueer
120,Glen,Hawkyens,ghawkyens3b@weibo.com,Male
121,Kellen,Minocchi,kminocchi3c@home.pl,Male
122,Silvain,Hasloch,shasloch3d@redcross.org,Male
123,Ansell,Escala,aescala3e@gov.uk,Genderfluid
124,Tracy,McIlriach,tmcilriach3f@storify.com,Male
125,Hubert,Linkin,hlinkin3g@gmpg.org,Male
126,Sanson,Mallison,smallison3h@ameblo.jp,Male
127,Noah,Muckloe,nmuckloe3i@tuttocitta.it,Male
128,Romola,Keynes,rkeynes3j@msu.edu,Female
129,Axe,Bing,abing3k@dmoz.org,Male
130,Kevin,Ferreiro,kferreiro3l@rakuten.co.jp,Male
131,Luciano,Evens,levens3m@nytimes.com,Male
132,Kev,Peirazzi,kpeirazzi3n@netvibes.com,Male
133,Francyne,Hackworth,fhackworth3o@usatoday.com,Female
134,Glenna,Bompas,gbompas3p@sogou.com,Female
135,Dode,Trousdell,dtrousdell3q@123-reg.co.uk,Female
136,Aubrey,Riddett,ariddett3r@ca.gov,Male
137,Jerrilyn,Gaynes,jgaynes3s@nih.gov,Female
138,Gordie,Quemby,gquemby3t@businessinsider.com,Male
139,Nerte,Rameau,nrameau3u@nydailynews.com,Female
140,Lila,Swidenbank,lswidenbank3v@indiegogo.com,Female
141,Mose,Moyle,mmoyle3w@hao123.com,Male
142,Clerc,Arrault,carrault3x@blogtalkradio.com,Male
143,Julianna,Dods,jdods3y@dell.com,Female
144,Eunice,McAvinchey,emcavinchey3z@mac.com,Female
145,Conroy,Gotthard,cgotthard40@statcounter.com,Male
146,Ichabod,Goodinge,igoodinge41@amazon.de,Genderqueer
147,Prescott,Botly,pbotly42@github.com,Male
148,Frank,Sarfati,fsarfati43@hhs.gov,Female
149,Anderea,Fitchew,afitchew44@google.pl,Female
150,Paddy,Well,pwell45@paginegialle.it,Male
151,Harper,Bembridge,hbembridge46@prweb.com,Male
152,Petra,Harrald,pharrald47@plala.or.jp,Female
153,Morie,Gimbrett,mgimbrett48@a8.net,Male
154,Eldin,McGettigan,emcgettigan49@hp.com,Male
155,Glenn,Quipp,gquipp4a@taobao.com,Male
156,Karoly,Adnet,kadnet4b@fema.gov,Male
157,Tony,Burgon,tburgon4c@cargocollective.com,Female
158,Melisenda,Lumber,mlumber4d@flickr.com,Polygender
159,Arley,Cartwight,acartwight4e@wordpress.com,Male
160,Shoshanna,Battaille,sbattaille4f@cisco.com,Female
161,Paige,Feely,pfeely4g@newsvine.com,Female
162,Ruthann,Braam,rbraam4h@webnode.com,Female
163,Whitney,Bratcher,wbratcher4i@merriam-webster.com,Male
164,Chery,O'Corrigane,cocorrigane4j@eepurl.com,Female
165,Anatol,Symondson,asymondson4k@icq.com,Male
166,Dolly,Schubart,dschubart4l@vistaprint.com,Female
167,Elliott,Ivanishev,eivanishev4m@skype.com,Male
168,Lanny,McElrath,lmcelrath4n@wix.com,Male
169,Sukey,Spawforth,sspawforth4o@sbwire.com,Female
170,Abey,Lidden,alidden4p@comcast.net,Male
171,Dur,Rundle,drundle4q@hatena.ne.jp,Male
172,Kimball,Bardell,kbardell4r@ow.ly,Male
173,Anne-corinne,McArd,amcard4s@t-online.de,Female
174,Milly,Jardin,mjardin4t@paypal.com,Female
175,Kiele,Dundridge,kdundridge4u@google.co.uk,Female
176,Tades,Girodon,tgirodon4v@ask.com,Male
177,Urbano,Dutton,udutton4w@soundcloud.com,Male
178,Nelle,Grabban,ngrabban4x@imdb.com,Female
179,Gloriane,Bremond,gbremond4y@taobao.com,Female
180,Randolf,Habble,rhabble4z@thetimes.co.uk,Male
181,Caye,Alishoner,calishoner50@reddit.com,Female
182,Sheilakathryn,Camfield,scamfield51@google.com.au,Female
183,Philbert,McCaskill,pmccaskill52@cnn.com,Male
184,Tamiko,Cottie,tcottie53@wikispaces.com,Female
185,Portia,Pershouse,ppershouse54@opensource.org,Agender
186,Umberto,Ivanets,uivanets55@cbslocal.com,Male
187,Tobit,Reddle,treddle56@hugedomains.com,Male
188,Lorna,Exer,lexer57@stanford.edu,Polygender
189,Royall,Hudleston,rhudleston58@bloomberg.com,Male
190,Timoteo,Stait,tstait59@google.nl,Male
191,Nadia,Dahlberg,ndahlberg5a@jalbum.net,Genderfluid
192,Roxanna,Theuff,rtheuff5b@smh.com.au,Female
193,Ede,Keppe,ekeppe5c@army.mil,Female
194,Nikolia,Simcox,nsimcox5d@cbsnews.com,Female
195,Nikola,Brockman,nbrockman5e@chicagotribune.com,Male
196,Kaylyn,Petrovykh,kpetrovykh5f@reuters.com,Female
197,Diann,Gookes,dgookes5g@uiuc.edu,Female
198,Moises,Odger,modger5h@delicious.com,Male
199,Hendrika,Bloodworth,hbloodworth5i@google.co.jp,Female
200,Etta,Eastmead,eeastmead5j@flavors.me,Genderqueer
201,Allistir,Silby,asilby5k@sbwire.com,Male
202,Jackson,Voas,jvoas5l@wikispaces.com,Male
203,Nomi,Veale,nveale5m@ibm.com,Female
204,Elysee,Castille,ecastille5n@omniture.com,Female
205,Esteban,Walrond,ewalrond5o@seattletimes.com,Male
206,Lauren,Menis,lmenis5p@prweb.com,Genderfluid
207,Iorgos,Kynsey,ikynsey5q@home.pl,Male
208,Solly,Barens,sbarens5r@canalblog.com,Male
209,Liva,Teall,lteall5s@npr.org,Female
210,Lucio,De Anesy,ldeanesy5t@slideshare.net,Male
211,Corrie,Renfrew,crenfrew5u@china.com.cn,Female
212,Merrel,Sifleet,msifleet5v@shareasale.com,Male
213,Francklyn,Lindeboom,flindeboom5w@gravatar.com,Male
214,Annis,Sobczak,asobczak5x@multiply.com,Bigender
215,Chere,McFarlane,cmcfarlane5y@cnet.com,Genderqueer
216,Rowan,Robert,rrobert5z@senate.gov,Male
217,Shoshana,Chisnall,schisnall60@mediafire.com,Female
218,Carling,Hanbidge,chanbidge61@domainmarket.com,Male
219,Keefe,Muehler,kmuehler62@webs.com,Male
220,Iseabal,Wardrop,iwardrop63@mysql.com,Female
221,Pall,Haldene,phaldene64@economist.com,Male
222,Alexi,Gowrie,agowrie65@webnode.com,Female
223,Borden,Real,breal66@usgs.gov,Male
224,Mag,O'Brogane,mobrogane67@china.com.cn,Agender
225,Dulcea,Safont,dsafont68@friendfeed.com,Female
226,Jabez,Fellows,jfellows69@usda.gov,Male
227,Alika,Cocci,acocci6a@canalblog.com,Female
228,Will,Worsalls,wworsalls6b@accuweather.com,Male
229,Penny,Sherbrook,psherbrook6c@soup.io,Male
230,Hamnet,Hunday,hhunday6d@squarespace.com,Male
231,Karlen,Gilardone,kgilardone6e@upenn.edu,Female
232,Rachelle,Ruddiman,rruddiman6f@admin.ch,Female
233,Dene,Lorroway,dlorroway6g@list-manage.com,Male
234,Laurena,Leale,lleale6h@photobucket.com,Female
235,Abigael,Laughlin,alaughlin6i@skype.com,Female
236,Tammie,Greenin,tgreenin6j@amazon.com,Male
237,Nell,Wickersley,nwickersley6k@t.co,Polygender
238,Suki,Greenig,sgreenig6l@ning.com,Female
239,Tyrus,MacAleese,tmacaleese6m@sitemeter.com,Male
240,Dacia,Atherley,datherley6n@craigslist.org,Female
241,Conway,Grisewood,cgrisewood6o@cargocollective.com,Male
242,Dorrie,Dare,ddare6p@unesco.org,Female
243,Doro,McGill,dmcgill6q@diigo.com,Female
244,Victor,Van der Brug,vvanderbrug6r@woothemes.com,Male
245,Elizabet,Noni,enoni6s@rakuten.co.jp,Female
246,Griffy,Skurm,gskurm6t@unicef.org,Male
247,Nikolos,Waddell,nwaddell6u@apple.com,Male
248,Ruthy,Michie,rmichie6v@1und1.de,Female
249,Kai,Else,kelse6w@addthis.com,Female
250,Ricki,Skones,rskones6x@scribd.com,Female
251,Myrvyn,Nation,mnation6y@shareasale.com,Male
252,Alexine,See,asee6z@guardian.co.uk,Female
253,Patrizio,Jackman,pjackman70@posterous.com,Male
254,Ailey,Start,astart71@imageshack.us,Female
255,Rachele,Peetermann,rpeetermann72@acquirethisname.com,Female
256,Eldon,Stango,estango73@zdnet.com,Male
257,Elnar,Leverson,eleverson74@wunderground.com,Non-binary
258,Farleigh,Kohrs,fkohrs75@va.gov,Male
259,Marla,Rainton,mrainton76@g.co,Female
260,Peyton,Kenshole,pkenshole77@shinystat.com,Male
261,Quincey,Boyer,qboyer78@nymag.com,Male
262,Baillie,Dishman,bdishman79@rakuten.co.jp,Male
263,Ruthann,Scatcher,rscatcher7a@cnn.com,Female
264,Will,Chuter,wchuter7b@nasa.gov,Male
265,Salem,Oxterby,soxterby7c@alexa.com,Male
266,Nikos,Strangwood,nstrangwood7d@businessweek.com,Male
267,Jill,Adderson,jadderson7e@elegantthemes.com,Female
268,Bev,Starsmore,bstarsmore7f@trellian.com,Female
269,Sly,Yabsley,syabsley7g@behance.net,Bigender
270,Ardenia,Barks,abarks7h@latimes.com,Female
271,Lynette,Allen,lallen7i@nbcnews.com,Agender
272,Mitzi,Riteley,mriteley7j@ox.ac.uk,Female
273,Allyson,Chalk,achalk7k@desdev.cn,Female
274,Zebadiah,Eggleton,zeggleton7l@bloglines.com,Male
275,Timothea,Follows,tfollows7m@livejournal.com,Female
276,Sher,Stollwerk,sstollwerk7n@xing.com,Female
277,Pietra,Pluthero,ppluthero7o@ehow.com,Female
278,Any,Tyce,atyce7p@facebook.com,Male
279,Raven,McPhillips,rmcphillips7q@apple.com,Female
280,Ferdy,Vargas,fvargas7r@instagram.com,Male
281,Knox,Antognelli,kantognelli7s@addtoany.com,Male
282,Carie,Chaudhry,cchaudhry7t@webnode.com,Female
283,Cami,Kembrey,ckembrey7u@jigsy.com,Female
284,Paulie,Marcus,pmarcus7v@google.ca,Female
285,Pip,Morfell,pmorfell7w@guardian.co.uk,Male
286,Richard,Ivanyukov,rivanyukov7x@bandcamp.com,Male
287,Merline,Jankiewicz,mjankiewicz7y@taobao.com,Female
288,Mathe,O'Breen,mobreen7z@newyorker.com,Male
289,Amandie,Stafford,astafford80@fastcompany.com,Female
290,Carmelina,Heeley,cheeley81@livejournal.com,Genderfluid
291,Kathe,Weddeburn - Scrimgeour,kweddeburnscrimgeour82@senate.gov,Genderqueer
292,Hunfredo,Aldin,haldin83@state.tx.us,Male
293,Dayna,Gauntlett,dgauntlett84@wufoo.com,Female
294,Lazare,Greep,lgreep85@storify.com,Male
295,Quintilla,Winkless,qwinkless86@arstechnica.com,Agender
296,Hillyer,Ballard,hballard87@nbcnews.com,Male
297,Howard,Mingey,hmingey88@sakura.ne.jp,Male
298,Edith,Babar,ebabar89@etsy.com,Female
299,Ephrem,Betancourt,ebetancourt8a@usgs.gov,Non-binary
300,Stephenie,Bagguley,sbagguley8b@springer.com,Female
301,Tiffie,Mackiewicz,tmackiewicz8c@constantcontact.com,Female
302,Olenka,Baskwell,obaskwell8d@sogou.com,Female
303,Flynn,Fulop,ffulop8e@microsoft.com,Male
304,Barnabas,Carnow,bcarnow8f@meetup.com,Male
305,Kamila,Tribble,ktribble8g@prlog.org,Female
306,Janette,Kerrey,jkerrey8h@paginegialle.it,Agender
307,Vidovic,Wolfarth,vwolfarth8i@etsy.com,Male
308,Ryun,Nicholas,rnicholas8j@marriott.com,Male
309,Rosanna,Instrell,rinstrell8k@hubpages.com,Female
310,Etta,Celli,ecelli8l@privacy.gov.au,Female
311,Lilah,Monkman,lmonkman8m@chicagotribune.com,Female
312,Cleavland,Molineux,cmolineux8n@prnewswire.com,Male
313,Phyllis,Evason,pevason8o@usatoday.com,Female
314,Aaren,Lowle,alowle8p@businesswire.com,Female
315,Corbie,Kinastan,ckinastan8q@webeden.co.uk,Male
316,Rutherford,Bearfoot,rbearfoot8r@simplemachines.org,Male
317,Drucill,Lipman,dlipman8s@reverbnation.com,Female
318,Chase,Hould,chould8t@tuttocitta.it,Male
319,Jamie,Kauffman,jkauffman8u@liveinternet.ru,Male
320,Lauren,Dungey,ldungey8v@imgur.com,Female
321,Millisent,Thornally,mthornally8w@upenn.edu,Female
322,Carly,Cunradi,ccunradi8x@redcross.org,Male
323,Robb,Mandry,rmandry8y@mayoclinic.com,Male
324,Britte,Lotwich,blotwich8z@aol.com,Female
325,Sebastian,Brittle,sbrittle90@hugedomains.com,Male
326,Eddie,Cobson,ecobson91@cloudflare.com,Male
327,Hildegaard,Dannell,hdannell92@cargocollective.com,Female
328,Wendy,De Andisie,wdeandisie93@dot.gov,Female
329,Teresa,Stiff,tstiff94@yolasite.com,Female
330,Germayne,Howlin,ghowlin95@cafepress.com,Male
331,Davy,Kunc,dkunc96@ovh.net,Male
332,Luelle,Wellman,lwellman97@fastcompany.com,Female
333,Dreddy,Swiers,dswiers98@plala.or.jp,Female
334,Othelia,Steet,osteet99@bandcamp.com,Female
335,Kyle,Bysshe,kbysshe9a@nydailynews.com,Genderfluid
336,Aimil,Rawlin,arawlin9b@yellowbook.com,Female
337,Kyle,Masselin,kmasselin9c@wordpress.org,Male
338,Ainsley,Dyhouse,adyhouse9d@uol.com.br,Female
339,Arney,Feveryear,afeveryear9e@statcounter.com,Male
340,Conroy,Coda,ccoda9f@dion.ne.jp,Genderfluid
341,Shel,Enrietto,senrietto9g@google.com.au,Female
342,Percival,Pettinger,ppettinger9h@pinterest.com,Male
343,Shae,Pridden,spridden9i@google.it,Female
344,Opalina,Steanyng,osteanyng9j@clickbank.net,Female
345,Emalee,Laroux,elaroux9k@nyu.edu,Female
346,Sephira,Archdeacon,sarchdeacon9l@utexas.edu,Female
347,Reinhold,Donhardt,rdonhardt9m@java.com,Male
348,Bruno,Ricker,bricker9n@cisco.com,Male
349,Winnie,Klimushev,wklimushev9o@zimbio.com,Female
350,Clark,Northen,cnorthen9p@indiatimes.com,Male
351,Birdie,Wapples,bwapples9q@cbc.ca,Female
352,Korella,Fortoun,kfortoun9r@blogs.com,Female
353,Rafi,Jeenes,rjeenes9s@pinterest.com,Male
354,Angela,Wyburn,awyburn9t@twitter.com,Female
355,Emmalynne,Lundy,elundy9u@fotki.com,Female
356,Perice,Miner,pminer9v@vkontakte.ru,Male
357,Wren,Rainon,wrainon9w@quantcast.com,Female
358,Niven,Lillyman,nlillyman9x@flickr.com,Male
359,Kay,Finlator,kfinlator9y@nba.com,Female
360,Matilde,Daveley,mdaveley9z@blogs.com,Female
361,Elena,Culverhouse,eculverhousea0@theguardian.com,Non-binary
362,Rica,Wragge,rwraggea1@eepurl.com,Female
363,Rooney,Petrolli,rpetrollia2@mail.ru,Bigender
364,Doralin,Kidsley,dkidsleya3@typepad.com,Female
365,Lena,Kidde,lkiddea4@liveinternet.ru,Female
366,Sheilah,Taffley,staffleya5@issuu.com,Female
367,Bibi,Oliff,boliffa6@sogou.com,Female
368,Meier,Senecaux,msenecauxa7@themeforest.net,Male
369,Guntar,MacAlister,gmacalistera8@delicious.com,Male
370,Ameline,Chaucer,achaucera9@mediafire.com,Female
371,Wallace,Storres,wstorresaa@discovery.com,Male
372,Allis,Dripp,adrippab@vimeo.com,Agender
373,Kylila,Somerlie,ksomerlieac@omniture.com,Genderqueer
374,Scarface,Joiner,sjoinerad@ehow.com,Male
375,Alyce,Selborne,aselborneae@zimbio.com,Female
376,Nikolaus,Forcer,nforceraf@ebay.co.uk,Male
377,Cherise,Shambrook,cshambrookag@msu.edu,Female
378,Taite,Gillis,tgillisah@wufoo.com,Male
379,Aime,Joburn,ajoburnai@wikimedia.org,Female
380,Bea,Adney,badneyaj@msu.edu,Genderqueer
381,Gayle,Feitosa,gfeitosaak@spotify.com,Genderqueer
382,Derrik,Tomaini,dtomainial@homestead.com,Male
383,Reginauld,Astling,rastlingam@zimbio.com,Male
384,Tom,Paulmann,tpaulmannan@techcrunch.com,Male
385,Dom,Branni,dbranniao@wordpress.org,Male
386,Gretel,Chadwick,gchadwickap@sakura.ne.jp,Female
387,Brenna,Rosel,broselaq@upenn.edu,Female
388,Barry,Ortiger,bortigerar@shutterfly.com,Male
389,Anya,Walwood,awalwoodas@squarespace.com,Female
390,Penny,Lindborg,plindborgat@comsenz.com,Female
391,Kalle,Colerick,kcolerickau@cnet.com,Genderfluid
392,Iosep,Beacham,ibeachamav@merriam-webster.com,Male
393,Selinda,Sprackling,sspracklingaw@jiathis.com,Polygender
394,Zuzana,Agglione,zagglioneax@state.tx.us,Female
395,Llewellyn,Caselli,lcaselliay@clickbank.net,Male
396,Lew,Derisley,lderisleyaz@usatoday.com,Male
397,Rosabelle,McGhee,rmcgheeb0@whitehouse.gov,Female
398,Raul,Brinsden,rbrinsdenb1@is.gd,Male
399,Tobin,Kapelhoff,tkapelhoffb2@ucoz.ru,Male
400,Lara,Bau,lbaub3@umn.edu,Female
401,Marsiella,Fahey,mfaheyb4@ocn.ne.jp,Female
402,Alie,Mandeville,amandevilleb5@uiuc.edu,Female
403,Morganne,Leathart,mleathartb6@gov.uk,Female
404,Earvin,Goble,egobleb7@yolasite.com,Male
405,Violet,Marl,vmarlb8@redcross.org,Female
406,Huberto,Craven,hcravenb9@latimes.com,Male
407,Hadley,Foulkes,hfoulkesba@shutterfly.com,Male
408,Gaylor,Williamson,gwilliamsonbb@cnbc.com,Male
409,Fey,Forsey,fforseybc@hubpages.com,Female
410,Griswold,Gunda,ggundabd@goo.ne.jp,Male
411,Delmore,Olyfant,dolyfantbe@dell.com,Male
412,Jameson,Nafziger,jnafzigerbf@etsy.com,Male
413,Zared,Delf,zdelfbg@samsung.com,Male
414,Tudor,Bullant,tbullantbh@amazon.co.uk,Male
415,Wilfred,Burges,wburgesbi@tinypic.com,Male
416,Gustavo,Crose,gcrosebj@yahoo.com,Agender
417,Luca,Aleshkov,laleshkovbk@addthis.com,Male
418,Thornie,Sharphouse,tsharphousebl@arstechnica.com,Male
419,Palm,Fawdrie,pfawdriebm@bing.com,Male
420,Paula,Kayley,pkayleybn@paginegialle.it,Female
421,Greta,Seid,gseidbo@narod.ru,Female
422,Shannen,Dairton,sdairtonbp@zimbio.com,Female
423,Merry,Croal,mcroalbq@feedburner.com,Female
424,Simone,Wackett,swackettbr@tamu.edu,Male
425,Nial,Byk,nbykbs@sciencedirect.com,Male
426,Annabell,Gradly,agradlybt@redcross.org,Female
427,Willi,Moorfield,wmoorfieldbu@paginegialle.it,Male
428,Lindy,Yule,lyulebv@nifty.com,Male
429,Stephana,Elford,selfordbw@nydailynews.com,Female
430,Guido,Doerren,gdoerrenbx@ow.ly,Male
431,Lem,Pardon,lpardonby@ustream.tv,Male
432,Julienne,Stannah,jstannahbz@istockphoto.com,Female
433,Avie,Tomasoni,atomasonic0@nifty.com,Female
434,Bartlett,Cafferky,bcafferkyc1@nps.gov,Male
435,Katrine,Tuffs,ktuffsc2@zimbio.com,Female
436,Catharine,Cordeux,ccordeuxc3@berkeley.edu,Female
437,Obadiah,Zuker,ozukerc4@dailymail.co.uk,Male
438,Christy,Tungate,ctungatec5@infoseek.co.jp,Female
439,Bertina,Spenley,bspenleyc6@scribd.com,Female
440,Roscoe,Orred,rorredc7@stanford.edu,Male
441,Michail,Guise,mguisec8@ucoz.ru,Male
442,Ambrosio,Shingles,ashinglesc9@163.com,Male
443,Kerrill,Sollars,ksollarsca@live.com,Female
444,Trina,Duckett,tduckettcb@mtv.com,Female
445,Stinky,Vassel,svasselcc@pcworld.com,Male
446,Janith,Morefield,jmorefieldcd@theglobeandmail.com,Female
447,Adams,Della,adellace@bizjournals.com,Male
448,Josiah,Chatwood,jchatwoodcf@msn.com,Male
449,Mikey,McGillivray,mmcgillivraycg@indiatimes.com,Male
450,Nicky,O'Hearn,nohearnch@typepad.com,Female
451,Yanaton,Biggins,ybigginsci@photobucket.com,Male
452,Josselyn,Stollenbeck,jstollenbeckcj@admin.ch,Genderqueer
453,Shay,Haws,shawsck@alibaba.com,Male
454,Correy,Avramchik,cavramchikcl@booking.com,Non-binary
455,Phelia,Uren,purencm@hubpages.com,Female
456,Mikkel,Easum,measumcn@lulu.com,Male
457,Mariel,Delacroix,mdelacroixco@liveinternet.ru,Female
458,Jojo,Flucker,jfluckercp@xrea.com,Female
459,Obediah,Razzell,orazzellcq@arstechnica.com,Male
460,Phillip,Borgesio,pborgesiocr@arizona.edu,Male
461,La verne,Berthelet,lbertheletcs@geocities.com,Female
462,Andromache,Cremins,acreminsct@narod.ru,Female
463,Tersina,Pharoah,tpharoahcu@epa.gov,Genderqueer
464,Willy,Bannester,wbannestercv@joomla.org,Male
465,Hewet,Biasini,hbiasinicw@theatlantic.com,Male
466,Eula,Cleveley,ecleveleycx@dot.gov,Female
467,Arney,Maddern,amadderncy@ox.ac.uk,Male
468,Andre,Drysdell,adrysdellcz@nifty.com,Male
469,Augustus,Matthewman,amatthewmand0@wsj.com,Polygender
470,Reese,Cussen,rcussend1@wix.com,Male
471,Leonore,Mosedale,lmosedaled2@mlb.com,Female
472,Molli,Spottiswoode,mspottiswooded3@reddit.com,Female
473,Beilul,Rubinow,brubinowd4@ibm.com,Female
474,Jareb,Pellitt,jpellittd5@discovery.com,Male
475,Cary,Borman,cbormand6@gmpg.org,Male
476,Ruthe,Bathow,rbathowd7@washington.edu,Female
477,Bert,Sleath,bsleathd8@nytimes.com,Female
478,Vina,Kirkland,vkirklandd9@admin.ch,Female
479,Peggy,Dominick,pdominickda@guardian.co.uk,Genderqueer
480,Wylma,Wedderburn,wwedderburndb@wix.com,Agender
481,Osmund,O'Carran,oocarrandc@merriam-webster.com,Male
482,Hunfredo,Koenen,hkoenendd@dedecms.com,Male
483,Red,Sewall,rsewallde@msu.edu,Male
484,Cherrita,Thompkins,cthompkinsdf@aol.com,Female
485,Jonathan,Rump,jrumpdg@pen.io,Male
486,Hollie,Ovenell,hovenelldh@clickbank.net,Female
487,Roda,Showl,rshowldi@t.co,Female
488,Quill,Ismead,qismeaddj@desdev.cn,Male
489,Almire,Harsum,aharsumdk@cdbaby.com,Agender
490,Tibold,Roller,trollerdl@github.com,Non-binary
491,Felipa,Swale,fswaledm@epa.gov,Female
492,Lishe,Bellelli,lbellellidn@google.com.au,Female
493,Sabra,Vye,svyedo@posterous.com,Female
494,Barnaby,Snartt,bsnarttdp@discuz.net,Male
495,Luz,Grishukov,lgrishukovdq@shareasale.com,Female
496,Adan,Frowde,afrowdedr@tamu.edu,Male
497,Swen,Bilbey,sbilbeyds@cnn.com,Male
498,Kareem,Kupec,kkupecdt@paypal.com,Male
499,Lucine,Stebles,lsteblesdu@answers.com,Female
500,Venus,Whittaker,vwhittakerdv@hatena.ne.jp,Female
501,Alana,Le Merchant,alemerchantdw@chicagotribune.com,Female
502,Joey,Marvin,jmarvindx@hostgator.com,Male
503,Nathanil,Bullimore,nbullimoredy@hud.gov,Male
504,Teena,Roughsedge,troughsedgedz@si.edu,Female
505,Jerri,Scollan,jscollane0@wired.com,Male
506,Reamonn,Grimshaw,rgrimshawe1@howstuffworks.com,Male
507,Amory,Fosdick,afosdicke2@theguardian.com,Male
508,Merci,Roma,mromae3@msn.com,Female
509,Julie,Sewley,jsewleye4@ezinearticles.com,Male
510,Alisun,Stile,astilee5@hexun.com,Female
511,Jameson,Jimmison,jjimmisone6@thetimes.co.uk,Male
512,Shelton,Benkhe,sbenkhee7@pen.io,Male
513,Ariela,Gracey,agraceye8@pinterest.com,Female
514,Drusi,Saterweyte,dsaterweytee9@loc.gov,Female
515,Papageno,Vasilchenko,pvasilchenkoea@google.cn,Male
516,Demetrius,Prangley,dprangleyeb@umich.edu,Male
517,Base,Fitzsymonds,bfitzsymondsec@bluehost.com,Male
518,Thalia,Life,tlifeed@pbs.org,Female
519,Germain,Dutnall,gdutnallee@nih.gov,Male
520,Ketty,Poynton,kpoyntonef@pcworld.com,Female
521,Ahmad,East,aeasteg@altervista.org,Male
522,Casandra,Sleaford,csleafordeh@loc.gov,Female
523,Winnie,Ephgrave,wephgraveei@bbc.co.uk,Female
524,Petr,Ivers,piversej@opera.com,Male
525,Estevan,Lung,elungek@google.pl,Male
526,Laughton,Dowzell,ldowzellel@stanford.edu,Male
527,Garreth,Semmence,gsemmenceem@woothemes.com,Male
528,Veronique,Coleborn,vcolebornen@mediafire.com,Female
529,Ceil,Clifford,ccliffordeo@4shared.com,Female
530,Aime,Eaddy,aeaddyep@networksolutions.com,Female
531,Joleen,Fossick,jfossickeq@tmall.com,Female
532,Sadella,Cordingley,scordingleyer@jalbum.net,Female
533,Walker,Bellas,wbellases@oracle.com,Male
534,Clement,Folkerd,cfolkerdet@reverbnation.com,Male
535,Cheri,Kerswill,ckerswilleu@japanpost.jp,Female
536,Jeri,Ivell,jivellev@reverbnation.com,Female
537,Juana,Sutherel,jsutherelew@twitpic.com,Female
538,Buck,Fairest,bfairestex@blogtalkradio.com,Male
539,Filippo,Wilkin,fwilkiney@abc.net.au,Male
540,Rutter,Kennelly,rkennellyez@house.gov,Male
541,Kimble,Annetts,kannettsf0@addtoany.com,Male
542,Pollyanna,Patley,ppatleyf1@fema.gov,Female
543,Gabie,Peasby,gpeasbyf2@blogs.com,Female
544,Twyla,Thorold,tthoroldf3@mozilla.com,Female
545,Vivia,Uglow,vuglowf4@npr.org,Female
546,Gavan,Courcey,gcourceyf5@mashable.com,Genderqueer
547,Kliment,Stidworthy,kstidworthyf6@quantcast.com,Male
548,Wald,Flement,wflementf7@tripod.com,Male
549,El,Arthy,earthyf8@twitter.com,Male
550,Brody,Openshaw,bopenshawf9@phpbb.com,Male
551,Jemmy,Couth,jcouthfa@networkadvertising.org,Female
552,Katrina,Balke,kbalkefb@wisc.edu,Female
553,Mischa,Liebmann,mliebmannfc@oakley.com,Male
554,Raff,Leaman,rleamanfd@vistaprint.com,Male
555,Dorothy,Sparrow,dsparrowfe@whitehouse.gov,Female
556,Hiram,Armiger,harmigerff@blinklist.com,Male
557,Redd,Sokale,rsokalefg@usda.gov,Bigender
558,Hallsy,Iacovone,hiacovonefh@examiner.com,Male
559,Hildagard,Baggarley,hbaggarleyfi@vinaora.com,Female
560,Auberta,Ben,abenfj@youtu.be,Female
561,Reinaldos,Shoveller,rshovellerfk@purevolume.com,Male
562,Norrie,Flageul,nflageulfl@mail.ru,Agender
563,Allistir,Roxbee,aroxbeefm@dagondesign.com,Male
564,Ermentrude,Houlridge,ehoulridgefn@cargocollective.com,Female
565,Ellsworth,Ridgway,eridgwayfo@weibo.com,Male
566,Lars,Stallon,lstallonfp@skype.com,Male
567,Harmonie,Meyrick,hmeyrickfq@biblegateway.com,Female
568,Butch,Oleszcuk,boleszcukfr@free.fr,Agender
569,Jesselyn,Mazin,jmazinfs@usda.gov,Female
570,Yvon,Cowx,ycowxft@huffingtonpost.com,Male
571,Pablo,Methringham,pmethringhamfu@cmu.edu,Male
572,Kylynn,Orbell,korbellfv@ibm.com,Female
573,Josey,Threader,jthreaderfw@bloglines.com,Female
574,Gerhardt,Stienton,gstientonfx@tuttocitta.it,Male
575,Darsey,Strowthers,dstrowthersfy@tiny.cc,Female
576,Nikolaos,Linning,nlinningfz@howstuffworks.com,Agender
577,Maxi,Matthewes,mmatthewesg0@cbc.ca,Female
578,Atalanta,Bareham,abarehamg1@google.com.au,Female
579,Hastings,Vondrys,hvondrysg2@bigcartel.com,Male
580,Liliane,Counihan,lcounihang3@163.com,Female
581,Talya,Wheway,twhewayg4@bigcartel.com,Female
582,Shem,Cleverly,scleverlyg5@ihg.com,Male
583,Nester,Rupert,nrupertg6@smugmug.com,Male
584,Raynell,Witsey,rwitseyg7@comcast.net,Female
585,David,Picken,dpickeng8@bloglines.com,Male
586,Etta,Kempshall,ekempshallg9@time.com,Non-binary
587,Dewain,Savill,dsavillga@wordpress.org,Agender
588,Ellette,Scholling,eschollinggb@state.tx.us,Female
589,Wheeler,Bapty,wbaptygc@chicagotribune.com,Male
590,Kiersten,Botger,kbotgergd@sfgate.com,Female
591,Jasun,Biaggioni,jbiaggionige@cbslocal.com,Male
592,Jayson,Bacchus,jbacchusgf@hp.com,Male
593,Rhodia,Ditch,rditchgg@liveinternet.ru,Female
594,Maurie,Cosford,mcosfordgh@geocities.com,Male
595,Meredith,Ticic,mticicgi@vimeo.com,Female
596,Sinclair,Kohlerman,skohlermangj@smugmug.com,Male
597,Joaquin,Perfect,jperfectgk@blogspot.com,Male
598,Chico,Freestone,cfreestonegl@yahoo.com,Male
599,Shepherd,Trayte,straytegm@opensource.org,Male
600,Rolfe,McVie,rmcviegn@forbes.com,Male
601,Hogan,Dukesbury,hdukesburygo@bloglines.com,Genderqueer
602,Aileen,MacCague,amaccaguegp@rambler.ru,Female
603,Brandy,Rowan,browangq@pbs.org,Female
604,Nannette,Strahan,nstrahangr@yellowbook.com,Female
605,Aubrette,Carnihan,acarnihangs@marketwatch.com,Female
606,Ewen,Dymocke,edymockegt@photobucket.com,Male
607,Teresa,Rosewall,trosewallgu@devhub.com,Female
608,Courtnay,De Miranda,cdemirandagv@cbsnews.com,Male
609,Amelita,Snadden,asnaddengw@miitbeian.gov.cn,Female
610,Rubetta,Fairall,rfairallgx@ftc.gov,Female
611,Stanleigh,Lindhe,slindhegy@about.com,Male
612,Ingelbert,Forrester,iforrestergz@nature.com,Male
613,Pamela,MacNaughton,pmacnaughtonh0@ft.com,Female
614,Sissie,Haack,shaackh1@t-online.de,Female
615,Concordia,Ibel,cibelh2@ovh.net,Female
616,Constancia,Ambroise,cambroiseh3@un.org,Genderqueer
617,Kevan,Blanckley,kblanckleyh4@yale.edu,Genderfluid
618,Gayelord,Mays,gmaysh5@xing.com,Male
619,Deane,Kield,dkieldh6@shutterfly.com,Female
620,Issie,Robben,irobbenh7@usnews.com,Female
621,Artur,Cheshir,acheshirh8@arizona.edu,Male
622,Arnold,Fibbings,afibbingsh9@a8.net,Male
623,Jillian,Mosley,jmosleyha@walmart.com,Female
624,Iver,Cudby,icudbyhb@latimes.com,Male
625,Laureen,Burkert,lburkerthc@senate.gov,Female
626,Arch,Noweak,anoweakhd@moonfruit.com,Male
627,Quint,Ryman,qrymanhe@prnewswire.com,Male
628,Flem,McFie,fmcfiehf@usa.gov,Male
629,Pennie,Iacomelli,piacomellihg@ucsd.edu,Female
630,Daisie,Ripon,driponhh@people.com.cn,Female
631,Olenolin,Midson,omidsonhi@addthis.com,Male
632,Nolan,Portwain,nportwainhj@mapy.cz,Male
633,Tab,Berth,tberthhk@sitemeter.com,Non-binary
634,Melinde,Holdren,mholdrenhl@forbes.com,Female
635,Hedda,Millan,hmillanhm@uiuc.edu,Non-binary
636,Naoma,Trunks,ntrunkshn@yellowbook.com,Female
637,Howey,Flipsen,hflipsenho@linkedin.com,Genderfluid
638,Laetitia,Duinbleton,lduinbletonhp@bigcartel.com,Female
639,Ross,Rosel,rroselhq@ehow.com,Male
640,Dulcie,Brecon,dbreconhr@amazon.de,Female
641,Melba,Flett,mfletths@paypal.com,Female
642,Thomasa,Tax,ttaxht@privacy.gov.au,Female
643,Marilyn,Dunning,mdunninghu@bing.com,Female
644,Earlie,Martyn,emartynhv@who.int,Male
645,Ardella,Bettinson,abettinsonhw@liveinternet.ru,Female
646,Malena,Clive,mclivehx@wunderground.com,Female
647,Darrin,Bomfield,dbomfieldhy@mysql.com,Male
648,Bernie,Chiplen,bchiplenhz@godaddy.com,Male
649,Carley,Godsil,cgodsili0@boston.com,Female
650,Delano,Buddleigh,dbuddleighi1@cdbaby.com,Male
651,Carey,Fassan,cfassani2@oakley.com,Female
652,Tulley,Fulep,tfulepi3@cnbc.com,Male
653,Sheridan,Havik,shaviki4@skyrock.com,Male
654,Taite,Westnedge,twestnedgei5@sun.com,Male
655,Riannon,Blankett,rblanketti6@army.mil,Female
656,Melesa,Record,mrecordi7@liveinternet.ru,Genderfluid
657,Delcine,Ewles,dewlesi8@toplist.cz,Female
658,Frazer,Heild,fheildi9@cbslocal.com,Male
659,Skell,Duffil,sduffilia@domainmarket.com,Male
660,Corrinne,Ferenczi,cferencziib@examiner.com,Female
661,Beckie,Whybrow,bwhybrowic@opensource.org,Female
662,Clim,Beartup,cbeartupid@unc.edu,Male
663,Laurena,Runacres,lrunacresie@ted.com,Female
664,Lauree,Turpie,lturpieif@hud.gov,Female
665,Hymie,Gwinnett,hgwinnettig@msn.com,Male
666,Cecil,O'Crowley,cocrowleyih@oakley.com,Female
667,Elenore,Beldon,ebeldonii@tamu.edu,Female
668,Keith,Limmer,klimmerij@mozilla.com,Male
669,Jareb,Collough,jcolloughik@bing.com,Male
670,Riordan,Passfield,rpassfieldil@hc360.com,Male
671,Fielding,Rizzini,frizziniim@opensource.org,Male
672,Kimberley,Gingold,kgingoldin@craigslist.org,Female
673,Yolande,Merali,ymeraliio@berkeley.edu,Female
674,Annis,Ridgway,aridgwayip@dmoz.org,Non-binary
675,Nertie,Carlesso,ncarlessoiq@opera.com,Female
676,Merrill,Kittles,mkittlesir@wordpress.org,Polygender
677,Blane,Sertin,bsertinis@google.com.au,Male
678,Allin,Suffe,asuffeit@ucoz.com,Male
679,Thaddeus,McFfaden,tmcffadeniu@census.gov,Male
680,Dieter,Fairrie,dfairrieiv@tinyurl.com,Non-binary
681,Forest,Clampton,fclamptoniw@sakura.ne.jp,Male
682,Granny,Patnelli,gpatnelliix@ovh.net,Male
683,Lon,Abbatini,labbatiniiy@goo.gl,Male
684,Boyd,Mettrick,bmettrickiz@accuweather.com,Male
685,Bogart,Sawney,bsawneyj0@hc360.com,Male
686,Joana,Gianolo,jgianoloj1@cyberchimps.com,Female
687,Rockey,McLaine,rmclainej2@uiuc.edu,Male
688,Frederick,Rother,frotherj3@sfgate.com,Male
689,Dela,Strathdee,dstrathdeej4@facebook.com,Genderfluid
690,Evyn,Coen,ecoenj5@privacy.gov.au,Male
691,Ricki,Warters,rwartersj6@shop-pro.jp,Male
692,Antonin,Farthing,afarthingj7@nymag.com,Male
693,Emmaline,Blockey,eblockeyj8@stumbleupon.com,Female
694,Drusy,Kilmartin,dkilmartinj9@bizjournals.com,Female
695,Pepi,Sydry,psydryja@php.net,Agender
696,Duke,Randleson,drandlesonjb@indiegogo.com,Male
697,Griz,Rocca,groccajc@pen.io,Male
698,Gun,Stelfax,gstelfaxjd@parallels.com,Male
699,Krystal,Hinken,khinkenje@zdnet.com,Female
700,Cullan,Mapledoram,cmapledoramjf@usatoday.com,Male
701,Carl,Penhallurick,cpenhallurickjg@indiegogo.com,Male
702,Romola,Barefoot,rbarefootjh@slideshare.net,Female
703,Inigo,Cupitt,icupittji@studiopress.com,Male
704,Thurstan,McKeurtan,tmckeurtanjj@jugem.jp,Male
705,Tammy,Soles,tsolesjk@cloudflare.com,Male
706,Danni,Lascelles,dlascellesjl@cnn.com,Female
707,Onida,Dillinton,odillintonjm@alibaba.com,Female
708,Adrien,Boffin,aboffinjn@squarespace.com,Male
709,Grata,Beeres,gbeeresjo@ucsd.edu,Female
710,Clary,Klain,cklainjp@sciencedirect.com,Female
711,Angela,Morecombe,amorecombejq@patch.com,Female
712,Heda,Phetteplace,hphetteplacejr@skyrock.com,Female
713,Yolane,Goold,ygooldjs@yahoo.com,Female
714,Modesty,Wickliffe,mwickliffejt@furl.net,Female
715,Darwin,Gronw,dgronwju@php.net,Male
716,Hyacinthia,Trewett,htrewettjv@list-manage.com,Female
717,Fidelity,Mathie,fmathiejw@va.gov,Female
718,Fayth,Nealand,fnealandjx@sun.com,Genderqueer
719,Egbert,Gehrtz,egehrtzjy@bravesites.com,Male
720,Lavinie,Iacabucci,liacabuccijz@yahoo.com,Female
721,Karlotta,Kirman,kkirmank0@geocities.com,Female
722,Lilian,Lissandri,llissandrik1@soundcloud.com,Female
723,Cad,Ferdinand,cferdinandk2@auda.org.au,Male
724,Ianthe,Colquete,icolquetek3@discovery.com,Female
725,Perl,Filipyev,pfilipyevk4@marriott.com,Female
726,Rustin,Vinnicombe,rvinnicombek5@techcrunch.com,Male
727,Orsa,Muriel,omurielk6@squarespace.com,Female
728,Garrot,Sergison,gsergisonk7@nps.gov,Male
729,Rockwell,Snowling,rsnowlingk8@zdnet.com,Male
730,Jamil,Gobolos,jgobolosk9@sun.com,Male
731,Selestina,Marrian,smarrianka@merriam-webster.com,Genderfluid
732,Lona,Pringer,lpringerkb@google.ru,Female
733,Godard,Rosenblatt,grosenblattkc@freewebs.com,Male
734,Artemus,Bourthouloume,abourthouloumekd@gmpg.org,Male
735,Abigail,Peschke,apeschkeke@ebay.com,Female
736,Sharyl,Navarijo,snavarijokf@e-recht24.de,Female
737,Yehudit,De Haven,ydehavenkg@pbs.org,Male
738,Lori,Lambrook,llambrookkh@meetup.com,Female
739,Edy,Dublin,edublinki@cyberchimps.com,Female
740,Mahmud,Folliss,mfollisskj@edublogs.org,Male
741,Geneva,Kyteley,gkyteleykk@icq.com,Female
742,Remus,Sparling,rsparlingkl@ustream.tv,Male
743,Madelina,Cotillard,mcotillardkm@fastcompany.com,Female
744,Richmound,Boam,rboamkn@sciencedirect.com,Male
745,Kelvin,Fosken,kfoskenko@wiley.com,Male
746,Kingsley,Novakovic,knovakovickp@digg.com,Genderfluid
747,Gayelord,Rockhill,grockhillkq@house.gov,Male
748,Gertruda,Lazell,glazellkr@loc.gov,Female
749,Luciano,De Dantesie,ldedantesieks@unesco.org,Male
750,Madeleine,Sorbie,msorbiekt@miibeian.gov.cn,Female
751,Leonidas,Patrie,lpatrieku@jimdo.com,Male
752,Aile,Managh,amanaghkv@angelfire.com,Female
753,Keeley,Veltmann,kveltmannkw@nsw.gov.au,Female
754,Eberto,Sprakes,esprakeskx@pagesperso-orange.fr,Male
755,Nicolis,Boller,nbollerky@odnoklassniki.ru,Male
756,Fonsie,Fetter,ffetterkz@ihg.com,Male
757,Regan,Cosgrove,rcosgrovel0@geocities.jp,Female
758,Laetitia,Shapland,lshaplandl1@yolasite.com,Female
759,Abelard,Rainforth,arainforthl2@4shared.com,Male
760,Roger,Kingscote,rkingscotel3@goodreads.com,Male
761,Crystie,Lilford,clilfordl4@toplist.cz,Female
762,Elfie,Glazebrook,eglazebrookl5@paypal.com,Female
763,Virgie,Normanell,vnormanelll6@typepad.com,Female
764,Ardath,Farnish,afarnishl7@alexa.com,Female
765,Elvin,Isaacs,eisaacsl8@prlog.org,Male
766,Shem,Breukelman,sbreukelmanl9@aboutads.info,Male
767,Nathalia,Addeycott,naddeycottla@jimdo.com,Female
768,Isaak,Myhan,imyhanlb@ebay.com,Bigender
769,Petra,Prichet,pprichetlc@amazon.de,Female
770,Onida,Topham,otophamld@lycos.com,Female
771,Fred,Brandes,fbrandesle@google.co.jp,Female
772,Gallagher,Yearns,gyearnslf@statcounter.com,Male
773,Rosmunda,Leythley,rleythleylg@va.gov,Female
774,Marshall,Hourahan,mhourahanlh@businesswire.com,Bigender
775,Rosette,Deignan,rdeignanli@geocities.jp,Female
776,Lilian,Pairpoint,lpairpointlj@so-net.ne.jp,Female
777,Melony,Dobinson,mdobinsonlk@jimdo.com,Female
778,Brinna,Chipman,bchipmanll@i2i.jp,Polygender
779,Dukie,Lease,dleaselm@admin.ch,Male
780,Maison,Pleace,mpleaceln@jigsy.com,Male
781,Savina,Tander,standerlo@cpanel.net,Bigender
782,Aurea,Element,aelementlp@mapquest.com,Female
783,Melinde,Leveritt,mleverittlq@dyndns.org,Female
784,Louella,Peddersen,lpeddersenlr@vkontakte.ru,Female
785,Leonard,Scoggin,lscogginls@blog.com,Male
786,Maxim,Lawman,mlawmanlt@51.la,Male
787,Noll,Ingon,ningonlu@mac.com,Male
788,Annnora,Ashley,aashleylv@tamu.edu,Female
789,Marjory,Waiting,mwaitinglw@blinklist.com,Female
790,Arni,Lumber,alumberlx@sakura.ne.jp,Male
791,Lorrin,Penvarne,lpenvarnely@state.gov,Female
792,Elbertine,Cockett,ecockettlz@123-reg.co.uk,Female
793,Lammond,Hakonsson,lhakonssonm0@hostgator.com,Male
794,Flossie,Dalglish,fdalglishm1@ted.com,Female
795,Adrea,Mougin,amouginm2@ovh.net,Female
796,Ami,Raraty,araratym3@github.com,Female
797,Raychel,Tregona,rtregonam4@blinklist.com,Female
798,Nicky,Vollam,nvollamm5@java.com,Male
799,Fleur,Lattimer,flattimerm6@123-reg.co.uk,Female
800,Thelma,Coll,tcollm7@g.co,Female
801,Pail,Sawdon,psawdonm8@sina.com.cn,Male
802,Fredric,Yallop,fyallopm9@ihg.com,Male
803,Mildrid,Queen,mqueenma@ted.com,Female
804,Jarrett,Wink,jwinkmb@chron.com,Genderqueer
805,Valerie,Donhardt,vdonhardtmc@51.la,Female
806,Helli,Hillburn,hhillburnmd@skyrock.com,Female
807,Daveen,Baroc,dbarocme@xrea.com,Female
808,Analiese,Alexsandrov,aalexsandrovmf@live.com,Female
809,Jonathon,Popescu,jpopescumg@ibm.com,Male
810,Pembroke,Sawforde,psawfordemh@istockphoto.com,Male
811,Meryl,Ximenez,mximenezmi@youtu.be,Male
812,Curran,Jankovsky,cjankovskymj@blogtalkradio.com,Bigender
813,Darrelle,Lindgren,dlindgrenmk@quantcast.com,Female
814,Chan,Escreet,cescreetml@drupal.org,Male
815,Harley,Boken,hbokenmm@amazon.co.uk,Male
816,Grange,Sayse,gsaysemn@mashable.com,Male
817,Goldia,Cordero,gcorderomo@last.fm,Female
818,Chery,Longshaw,clongshawmp@hp.com,Female
819,Arlette,Whitty,awhittymq@google.com.hk,Female
820,Boris,Patching,bpatchingmr@japanpost.jp,Male
821,Benetta,Espie,bespiems@jalbum.net,Female
822,Hildagarde,Lydall,hlydallmt@salon.com,Female
823,Evy,Bowdon,ebowdonmu@ebay.co.uk,Female
824,Mahmoud,Nutbean,mnutbeanmv@vistaprint.com,Genderqueer
825,Wallis,Wardingly,wwardinglymw@theatlantic.com,Male
826,Otto,Forbear,oforbearmx@canalblog.com,Male
827,Fawnia,Goodrum,fgoodrummy@uiuc.edu,Female
828,Ethe,Mair,emairmz@mapquest.com,Male
829,Nat,Kermit,nkermitn0@cafepress.com,Male
830,Danyelle,Sandell,dsandelln1@java.com,Female
831,Meridel,Langridge,mlangridgen2@instagram.com,Female
832,Ferdy,MacClay,fmacclayn3@yelp.com,Male
833,Donelle,Jakeway,djakewayn4@dedecms.com,Female
834,Merissa,Bickerdyke,mbickerdyken5@360.cn,Female
835,Gypsy,McKerton,gmckertonn6@networkadvertising.org,Female
836,Trixi,Earwaker,tearwakern7@nyu.edu,Female
837,Obadiah,Jecks,ojecksn8@odnoklassniki.ru,Male
838,Lorette,Callum,lcallumn9@ftc.gov,Female
839,Chick,Jeffress,cjeffressna@freewebs.com,Male
840,Hewe,Berrycloth,hberryclothnb@soup.io,Male
841,Edik,Sockell,esockellnc@sakura.ne.jp,Male
842,Jonas,Waberer,jwaberernd@about.me,Male
843,Dorree,Stych,dstychne@sun.com,Bigender
844,Shandra,Sygroves,ssygrovesnf@independent.co.uk,Female
845,Sheila,Pedycan,spedycanng@house.gov,Female
846,Phyllys,Pacitti,ppacittinh@cbslocal.com,Female
847,Perkin,Astin,pastinni@utexas.edu,Male
848,Butch,Camsey,bcamseynj@home.pl,Bigender
849,Lorin,Havers,lhaversnk@soundcloud.com,Male
850,Bernita,Jentet,bjentetnl@upenn.edu,Female
851,Alanah,Balaison,abalaisonnm@artisteer.com,Female
852,Orsa,Lestor,olestornn@tuttocitta.it,Genderqueer
853,Constantina,Garmanson,cgarmansonno@cam.ac.uk,Female
854,Archibaldo,De Vere,adeverenp@rediff.com,Male
855,Yasmeen,Bard,ybardnq@histats.com,Female
856,Donnie,Dilliway,ddilliwaynr@guardian.co.uk,Female
857,Saul,Guillain,sguillainns@theatlantic.com,Agender
858,Cedric,Probbing,cprobbingnt@wired.com,Male
859,Orazio,Allston,oallstonnu@senate.gov,Male
860,Rennie,Grange,rgrangenv@flickr.com,Female
861,Catharina,Paulsson,cpaulssonnw@msu.edu,Female
862,Gonzalo,Studholme,gstudholmenx@icio.us,Genderfluid
863,Cara,Faucherand,cfaucherandny@globo.com,Female
864,Erena,Lisciardelli,elisciardellinz@google.de,Female
865,Brena,Leake,bleakeo0@ed.gov,Genderqueer
866,Norma,Petrou,npetrouo1@cornell.edu,Female
867,Berte,Toppes,btoppeso2@psu.edu,Female
868,Rhonda,Ilyukhov,rilyukhovo3@wunderground.com,Female
869,Joycelin,Dipple,jdippleo4@bloomberg.com,Female
870,Claus,Niset,cniseto5@ed.gov,Male
871,Parry,Tomadoni,ptomadonio6@bandcamp.com,Male
872,Krystyna,Jammet,kjammeto7@who.int,Female
873,Amalea,Schubart,aschubarto8@springer.com,Female
874,Marleen,Abramovici,mabramovicio9@squidoo.com,Female
875,Winifred,Coldridge,wcoldridgeoa@umn.edu,Female
876,Marketa,Steward,mstewardob@sciencedaily.com,Female
877,Pattie,Tingle,ptingleoc@dion.ne.jp,Female
878,Benedick,Donlon,bdonlonod@cdbaby.com,Male
879,Billy,Bergen,bbergenoe@booking.com,Male
880,Courtnay,Edmundson,cedmundsonof@answers.com,Female
881,Obed,Chidlow,ochidlowog@photobucket.com,Male
882,Karrie,Adanez,kadanezoh@auda.org.au,Female
883,Justin,Sherrock,jsherrockoi@netlog.com,Male
884,Brana,Penhalurick,bpenhalurickoj@census.gov,Female
885,Quillan,Wardesworth,qwardesworthok@umich.edu,Male
886,Michail,Commuzzo,mcommuzzool@printfriendly.com,Genderfluid
887,Martina,Deetch,mdeetchom@opera.com,Female
888,Sayre,Fulop,sfulopon@cnet.com,Male
889,Karil,Threader,kthreaderoo@youtu.be,Agender
890,Barbabra,Yes,byesop@indiegogo.com,Female
891,Cordey,Cancott,ccancottoq@liveinternet.ru,Female
892,Lin,English,lenglishor@cargocollective.com,Female
893,Royall,Emma,remmaos@yahoo.co.jp,Male
894,Brett,O'Hickee,bohickeeot@storify.com,Female
895,Tadd,Florey,tfloreyou@fda.gov,Male
896,Aime,Piken,apikenov@abc.net.au,Female
897,Read,Emmet,remmetow@tamu.edu,Male
898,Millard,Yo,myoox@goo.ne.jp,Agender
899,Nester,Cradock,ncradockoy@time.com,Male
900,Zebedee,Hardwicke,zhardwickeoz@yandex.ru,Male
901,Trudi,Osboldstone,tosboldstonep0@sbwire.com,Bigender
902,Taylor,Clevely,tclevelyp1@huffingtonpost.com,Male
903,Maudie,Buntin,mbuntinp2@blog.com,Female
904,Marita,Kaasman,mkaasmanp3@godaddy.com,Female
905,Gisella,Boylund,gboylundp4@mayoclinic.com,Female
906,Kris,Aimable,kaimablep5@tripadvisor.com,Bigender
907,Rona,Sweeten,rsweetenp6@marketwatch.com,Female
908,Darda,Hynard,dhynardp7@blogspot.com,Polygender
909,Sibilla,Huntington,shuntingtonp8@nhs.uk,Female
910,Anallese,Priver,apriverp9@uiuc.edu,Female
911,Francois,Bustard,fbustardpa@theatlantic.com,Male
912,Livvy,Scarce,lscarcepb@miibeian.gov.cn,Female
913,Northrop,Wrefford,nwreffordpc@cornell.edu,Male
914,Lazarus,Barnhill,lbarnhillpd@wunderground.com,Male
915,Rina,Haresign,rharesignpe@wisc.edu,Female
916,Cordy,Speares,cspearespf@t.co,Male
917,Jamil,Soppeth,jsoppethpg@auda.org.au,Male
918,Thorin,Isaacs,tisaacsph@weebly.com,Male
919,Ora,Cunde,ocundepi@bandcamp.com,Non-binary
920,Kathryn,Balaam,kbalaampj@blogtalkradio.com,Female
921,Spense,Woodard,swoodardpk@go.com,Male
922,Lu,Loade,lloadepl@vinaora.com,Female
923,Huntington,Doubrava,hdoubravapm@msu.edu,Non-binary
924,Courtnay,Beades,cbeadespn@ft.com,Female
925,Adiana,Lambshine,alambshinepo@forbes.com,Genderfluid
926,Tamarah,Raoux,traouxpp@unicef.org,Female
927,Agace,Bilofsky,abilofskypq@ustream.tv,Female
928,Donnell,Gillis,dgillispr@kickstarter.com,Genderqueer
929,Gay,Huntington,ghuntingtonps@webeden.co.uk,Female
930,Cazzie,Pridmore,cpridmorept@weather.com,Male
931,Langsdon,Lindhe,llindhepu@nsw.gov.au,Male
932,Bertie,Ensley,bensleypv@engadget.com,Female
933,Sasha,De la Barre,sdelabarrepw@geocities.com,Male
934,Doralyn,Vernazza,dvernazzapx@java.com,Female
935,Field,Bullivant,fbullivantpy@oaic.gov.au,Male
936,Jessika,Sapwell,jsapwellpz@jigsy.com,Female
937,Curt,Doggerell,cdoggerellq0@constantcontact.com,Male
938,Lance,Hibbart,lhibbartq1@pcworld.com,Male
939,Cammie,Romero,cromeroq2@blogspot.com,Bigender
940,Rebekkah,Aingel,raingelq3@msu.edu,Female
941,Denny,Howsego,dhowsegoq4@ihg.com,Bigender
942,Kym,Lukesch,klukeschq5@archive.org,Female
943,Stepha,Lawtie,slawtieq6@godaddy.com,Female
944,Lainey,Dayer,ldayerq7@biglobe.ne.jp,Female
945,Casi,Bartalot,cbartalotq8@economist.com,Female
946,Lyndsay,Iorns,liornsq9@un.org,Female
947,Karena,Healy,khealyqa@examiner.com,Non-binary
948,Lance,Hardson,lhardsonqb@baidu.com,Bigender
949,Marla,Fraczak,mfraczakqc@dailymotion.com,Female
950,Ara,McRitchie,amcritchieqd@com.com,Male
951,Dyanna,Gritten,dgrittenqe@acquirethisname.com,Female
952,Elia,Townrow,etownrowqf@princeton.edu,Male
953,Salomi,Cuthbert,scuthbertqg@engadget.com,Female
954,Hersch,Sivills,hsivillsqh@miitbeian.gov.cn,Male
955,Pete,MacTrustie,pmactrustieqi@edublogs.org,Male
956,Harvey,Jeacop,hjeacopqj@smh.com.au,Polygender
957,Gan,Cranshaw,gcranshawqk@bloglovin.com,Male
958,Kirbie,Moreno,kmorenoql@de.vu,Female
959,Bryant,Campsall,bcampsallqm@linkedin.com,Male
960,Erinn,Marvell,emarvellqn@chron.com,Female
961,Daryle,Milburn,dmilburnqo@usa.gov,Male
962,Marshall,Tynnan,mtynnanqp@ocn.ne.jp,Male
963,Waldo,Maplestone,wmaplestoneqq@4shared.com,Male
964,Nikki,Morgue,nmorgueqr@google.com.hk,Male
965,Rustin,Gamlen,rgamlenqs@vistaprint.com,Male
966,Dani,Dyte,ddyteqt@wikia.com,Male
967,Madge,McGillreich,mmcgillreichqu@desdev.cn,Female
968,Gage,Perschke,gperschkeqv@noaa.gov,Male
969,Fin,Retallick,fretallickqw@senate.gov,Male
970,Zacharie,Stouther,zstoutherqx@fda.gov,Male
971,Hartwell,Gilphillan,hgilphillanqy@rediff.com,Male
972,Torry,Folkes,tfolkesqz@ask.com,Male
973,Lynn,Driver,ldriverr0@ustream.tv,Male
974,Hilly,Mackinder,hmackinderr1@usgs.gov,Genderqueer
975,Hedwiga,Riggoll,hriggollr2@google.com.au,Female
976,Herschel,Seater,hseaterr3@google.com.au,Male
977,Timmie,Kernaghan,tkernaghanr4@cdbaby.com,Male
978,Margarette,Stapele,mstapeler5@so-net.ne.jp,Female
979,Callie,Pepon,cpeponr6@ibm.com,Female
980,Cammy,Chevis,cchevisr7@friendfeed.com,Female
981,Mathilde,Burde,mburder8@cmu.edu,Female
982,Karlotta,Higgen,khiggenr9@linkedin.com,Non-binary
983,Aindrea,Rollason,arollasonra@wufoo.com,Female
984,Peyton,Craighall,pcraighallrb@creativecommons.org,Male
985,Gibb,Pidduck,gpidduckrc@nydailynews.com,Male
986,Fred,Hanley,fhanleyrd@businesswire.com,Female
987,Claiborn,Pladen,cpladenre@indiatimes.com,Agender
988,Keeley,Corbould,kcorbouldrf@ameblo.jp,Female
989,Conni,Sibun,csibunrg@uiuc.edu,Female
990,Flem,Catto,fcattorh@google.de,Male
991,Hollie,Spurritt,hspurrittri@odnoklassniki.ru,Genderqueer
992,Sarena,Duckerin,sduckerinrj@cpanel.net,Female
993,Jesus,Cowen,jcowenrk@lulu.com,Male
994,Fairfax,Brende,fbrenderl@e-recht24.de,Male
995,Joeann,Babber,jbabberrm@yandex.ru,Female
996,Fanchette,Talmadge,ftalmadgern@rambler.ru,Female
997,Pamella,Jarvie,pjarviero@usnews.com,Female
998,Junie,Hollington,jhollingtonrp@ocn.ne.jp,Female
999,Debi,Filippi,dfilippirq@furl.net,Female
1000,Cary,Normansell,cnormansellrr@cbc.ca,Male
